0, -0.956385, 0.854338, 0.00609202, -0.478775, 0.084463, 0.0948801, 0.290037, 0.660664, -0.145091, -0.0624023, 0.00131291, 0, 0, 0, 0, 0, 0, 0
0.00833333, -0.941973, 0.853863, 0.0109305, -0.485148, 0.108247, 0.0977492, 0.27949, 0.693235, -0.15344, -0.0746585, 0.00189737, 0, 0, 0, 0, 0, 0, 0
0.0166667, -0.927504, 0.853575, 0.0162949, -0.491802, 0.132126, 0.102744, 0.265802, 0.729809, -0.167352, -0.0878289, 0.00287071, 0, 0, 0, 0, 0, 0, 0
0.025, -0.913139, 0.853509, 0.0219877, -0.49914, 0.156688, 0.109165, 0.248557, 0.771086, -0.187625, -0.101028, 0.00380767, 0, 0, 0, 0, 0, 0, 0
0.0333333, -0.899001, 0.853668, 0.0281637, -0.508161, 0.183068, 0.116182, 0.227103, 0.817475, -0.214258, -0.114068, 0.0045555, 0, 0, 0, 0, 0, 0, 0
0.0416667, -0.885191, 0.854011, 0.0348934, -0.52007, 0.212948, 0.123153, 0.201041, 0.869072, -0.246928, -0.126784, 0.00516179, 0, 0, 0, 0, 0, 0, 0
0.05, -0.87169, 0.854481, 0.0416288, -0.535022, 0.247502, 0.129704, 0.171201, 0.925069, -0.285072, -0.138426, 0.00561952, 0, 0, 0, 0, 0, 0, 0
0.0583333, -0.858412, 0.855018, 0.0471261, -0.551831, 0.286933, 0.136007, 0.139396, 0.98413, -0.327491, -0.147346, 0.00578157, 0, 0, 0, 0, 0, 0, 0
0.0666667, -0.845212, 0.855546, 0.0503341, -0.568695, 0.330281, 0.142316, 0.107582, 1.04445, -0.372778, -0.152473, 0.00582255, 0, 0, 0, 0, 0, 0, 0
0.075, -0.831945, 0.856022, 0.0506161, -0.583484, 0.375463, 0.148688, 0.0774734, 1.10407, -0.419717, -0.153397, 0.00598904, 0, 0, 0, 0, 0, 0, 0
0.0833333, -0.818554, 0.856467, 0.0478605, -0.594273, 0.419778, 0.154915, 0.0499106, 1.16145, -0.466762, -0.150188, 0.00636009, 0, 0, 0, 0, 0, 0, 0
0.0916667, -0.805121, 0.856941, 0.042795, -0.600139, 0.460534, 0.160535, 0.0243367, 1.21576, -0.51186, -0.143719, 0.00683033, 0, 0, 0, 0, 0, 0, 0
0.1, -0.791793, 0.857526, 0.036564, -0.60101, 0.495583, 0.164862, -0.000553661, 1.26675, -0.55236, -0.135236, 0.00708059, 0, 0, 0, 0, 0, 0, 0
0.108333, -0.778736, 0.85826, 0.0306843, -0.597972, 0.523978, 0.167135, -0.026648, 1.31473, -0.58556, -0.126586, 0.00716837, 0, 0, 0, 0, 0, 0, 0
0.116667, -0.766068, 0.859159, 0.0262662, -0.592169, 0.545595, 0.166701, -0.0552496, 1.35995, -0.60976, -0.119205, 0.00729933, 0, 0, 0, 0, 0, 0, 0
0.125, -0.753857, 0.860223, 0.0240009, -0.584517, 0.560693, 0.163083, -0.0871232, 1.40259, -0.624457, -0.114, 0.00755033, 0, 0, 0, 0, 0, 0, 0
0.133333, -0.742101, 0.861445, 0.0240325, -0.575413, 0.569697, 0.156036, -0.122229, 1.44259, -0.630368, -0.11123, 0.00793743, 0, 0, 0, 0, 0, 0, 0
0.141667, -0.730726, 0.862821, 0.0260329, -0.564782, 0.573128, 0.145505, -0.159677, 1.47955, -0.629616, -0.110682, 0.00856121, 0, 0, 0, 0, 0, 0, 0
0.15, -0.719606, 0.864357, 0.0294315, -0.552288, 0.571486, 0.131826, -0.198166, 1.51284, -0.625008, -0.111914, 0.00947045, 0, 0, 0, 0, 0, 0, 0
0.158333, -0.70862, 0.86608, 0.0336143, -0.53762, 0.565246, 0.116029, -0.236479, 1.54177, -0.619064, -0.114327, 0.0105083, 0, 0, 0, 0, 0, 0, 0
0.166667, -0.697698, 0.868013, 0.0381718, -0.520854, 0.555014, 0.0995774, -0.273958, 1.56598, -0.613053, -0.11745, 0.0114564, 0, 0, 0, 0, 0, 0, 0
0.175, -0.686796, 0.870159, 0.0428096, -0.502285, 0.54156, 0.0837971, -0.310359, 1.58548, -0.60643, -0.120887, 0.0121578, 0, 0, 0, 0, 0, 0, 0
0.183333, -0.67588, 0.872502, 0.0471579, -0.482105, 0.525744, 0.069489, -0.345386, 1.60023, -0.597761, -0.124065, 0.0124455, 0, 0, 0, 0, 0, 0, 0
0.191667, -0.664911, 0.87501, 0.0508688, -0.46045, 0.508433, 0.0569197, -0.378677, 1.61008, -0.585679, -0.126534, 0.0122856, 0, 0, 0, 0, 0, 0, 0
0.2, -0.653857, 0.877635, 0.053735, -0.437492, 0.490352, 0.046042, -0.409955, 1.61496, -0.569271, -0.128174, 0.0119251, 0, 0, 0, 0, 0, 0, 0
0.208333, -0.642711, 0.880317, 0.0557028, -0.413475, 0.472017, 0.0367738, -0.439016, 1.61486, -0.54847, -0.128961, 0.0116, 0, 0, 0, 0, 0, 0, 0
0.216667, -0.631482, 0.883003, 0.0568234, -0.388633, 0.453658, 0.029067, -0.465662, 1.60979, -0.524217, -0.128886, 0.0113495, 0, 0, 0, 0, 0, 0, 0
0.225, -0.620164, 0.885644, 0.0571853, -0.363075, 0.435184, 0.0228358, -0.489589, 1.59971, -0.498328, -0.127996, 0.0111068, 0, 0, 0, 0, 0, 0, 0
0.233333, -0.608757, 0.888189, 0.0569789, -0.336954, 0.416363, 0.0181004, -0.51069, 1.58471, -0.47265, -0.126469, 0.0108386, 0, 0, 0, 0, 0, 0, 0
0.241667, -0.597293, 0.890589, 0.0564862, -0.310571, 0.397005, 0.0149458, -0.529238, 1.56523, -0.448278, -0.124564, 0.0105351, 0, 0, 0, 0, 0, 0, 0
0.25, -0.585828, 0.892801, 0.0560371, -0.284373, 0.377091, 0.0133176, -0.545723, 1.54178, -0.425829, -0.122483, 0.0100499, 0, 0, 0, 0, 0, 0, 0
0.258333, -0.574403, 0.894799, 0.0558392, -0.258738, 0.35684, 0.0130383, -0.560487, 1.51477, -0.405882, -0.120303, 0.00918715, 0, 0, 0, 0, 0, 0, 0
0.266667, -0.563022, 0.896561, 0.0558949, -0.233834, 0.336655, 0.0137584, -0.573641, 1.48453, -0.388802, -0.118097, 0.00805003, 0, 0, 0, 0, 0, 0, 0
0.275, -0.551675, 0.898065, 0.0561657, -0.209748, 0.316929, 0.014899, -0.585246, 1.45129, -0.374479, -0.115966, 0.00688721, 0, 0, 0, 0, 0, 0, 0
0.283333, -0.540336, 0.899291, 0.0564678, -0.186355, 0.298036, 0.0157554, -0.59514, 1.41514, -0.362431, -0.113717, 0.00572754, 0, 0, 0, 0, 0, 0, 0
0.291667, -0.528959, 0.900221, 0.0563989, -0.163209, 0.280265, 0.0156478, -0.602874, 1.37606, -0.352167, -0.110772, 0.0043255, 0, 0, 0, 0, 0, 0, 0
0.3, -0.51748, 0.900829, 0.0554764, -0.139593, 0.263611, 0.0140384, -0.607856, 1.33399, -0.343379, -0.106603, 0.00267517, 0, 0, 0, 0, 0, 0, 0
0.308333, -0.505826, 0.901086, 0.0532249, -0.114669, 0.247849, 0.0106889, -0.60957, 1.28895, -0.335497, -0.100994, 0.00134811, 0, 0, 0, 0, 0, 0, 0
0.316667, -0.493938, 0.900973, 0.0493038, -0.0877626, 0.232677, 0.00561174, -0.60774, 1.24111, -0.327844, -0.0937406, 0.000664205, 0, 0, 0, 0, 0, 0, 0
0.325, -0.481785, 0.900479, 0.0436091, -0.0585597, 0.217817, -0.00109168, -0.60242, 1.19083, -0.320092, -0.0846475, 0.000454218, 0, 0, 0, 0, 0, 0, 0
0.333333, -0.469361, 0.899609, 0.0361893, -0.0269351, 0.202914, -0.0090152, -0.594, 1.13874, -0.312021, -0.0737, 0.000514836, 0, 0, 0, 0, 0, 0, 0
0.341667, -0.456708, 0.898379, 0.0274554, 0.00667891, 0.187737, -0.0176269, -0.583452, 1.08569, -0.30324, -0.0613586, 0.000785826, 0, 0, 0, 0, 0, 0, 0
0.35, -0.443914, 0.896819, 0.0181793, 0.0411662, 0.172443, -0.0266603, -0.572184, 1.03267, -0.293198, -0.0484917, 0.0012512, 0, 0, 0, 0, 0, 0, 0
0.358333, -0.431062, 0.894979, 0.00910392, 0.0753475, 0.157377, -0.0358344, -0.561366, 0.980499, -0.281695, -0.035786, 0.00150966, 0, 0, 0, 0, 0, 0, 0
0.366667, -0.418228, 0.892913, 0.00090225, 0.108049, 0.143053, -0.0448948, -0.551764, 0.929666, -0.269307, -0.0238625, 0.0011, 0, 0, 0, 0, 0, 0, 0
0.375, -0.40546, 0.890665, -0.0059944, 0.138344, 0.130137, -0.0537685, -0.543599, 0.880186, -0.256932, -0.0134263, 0.000284661, 0, 0, 0, 0, 0, 0, 0
0.383333, -0.392761, 0.88827, -0.0115052, 0.165803, 0.119219, -0.0623852, -0.536696, 0.831911, -0.245133, -0.0048553, -0.000471006, 0, 0, 0, 0, 0, 0, 0
0.391667, -0.38014, 0.885751, -0.0155098, 0.189935, 0.110953, -0.0709019, -0.531147, 0.784825, -0.23374, 0.0017182, -0.00121857, 0, 0, 0, 0, 0, 0, 0
0.4, -0.367602, 0.883126, -0.0178987, 0.21045, 0.105716, -0.0795035, -0.527151, 0.739026, -0.222123, 0.00617533, -0.00201318, 0, 0, 0, 0, 0, 0, 0
0.408333, -0.355131, 0.880414, -0.0186427, 0.227372, 0.103526, -0.0880938, -0.524822, 0.694726, -0.209882, 0.00834235, -0.00261572, 0, 0, 0, 0, 0, 0, 0
0.416667, -0.342732, 0.877635, -0.0176394, 0.240596, 0.104455, -0.0965421, -0.524321, 0.652174, -0.196786, 0.00799402, -0.00276973, 0, 0, 0, 0, 0, 0, 0
0.425, -0.330413, 0.874826, -0.014811, 0.250165, 0.108349, -0.104579, -0.52568, 0.611532, -0.182511, 0.00501907, -0.0023943, 0, 0, 0, 0, 0, 0, 0
0.433333, -0.318193, 0.872038, -0.0100256, 0.256121, 0.114885, -0.111816, -0.52902, 0.573204, -0.167031, -0.000665534, -0.00165314, 0, 0, 0, 0, 0, 0, 0
0.441667, -0.30608, 0.86931, -0.00337219, 0.258719, 0.123765, -0.117943, -0.534383, 0.538057, -0.150845, -0.00887276, -0.00067077, 0, 0, 0, 0, 0, 0, 0
0.45, -0.293992, 0.866676, 0.00442098, 0.259132, 0.134324, -0.122463, -0.541121, 0.506939, -0.134682, -0.0187411, 0.000536816, 0, 0, 0, 0, 0, 0, 0
0.458333, -0.281801, 0.864168, 0.0124509, 0.258839, 0.145686, -0.124688, -0.548709, 0.481799, -0.120117, -0.0292152, 0.00182576, 0, 0, 0, 0, 0, 0, 0
0.466667, -0.26938, 0.861809, 0.0198887, 0.259188, 0.157042, -0.123958, -0.55645, 0.463718, -0.108554, -0.0393862, 0.00308273, 0, 0, 0, 0, 0, 0, 0
0.475, -0.256617, 0.859623, 0.026087, 0.261104, 0.167941, -0.119707, -0.563813, 0.453683, -0.10121, -0.048596, 0.00433098, 0, 0, 0, 0, 0, 0, 0
0.483333, -0.243435, 0.85764, 0.030601, 0.265026, 0.178324, -0.111331, -0.570104, 0.45153, -0.0984647, -0.056353, 0.00552875, 0, 0, 0, 0, 0, 0, 0
0.491667, -0.229809, 0.855886, 0.0332723, 0.270847, 0.188508, -0.0984341, -0.574826, 0.456676, -0.100149, -0.0624627, 0.0066253, 0, 0, 0, 0, 0, 0, 0
0.5, -0.215775, 0.854382, 0.0344019, 0.277755, 0.199168, -0.0810013, -0.577948, 0.468041, -0.106084, -0.0672588, 0.00755442, 0, 0, 0, 0, 0, 0, 0
0.508333, -0.201401, 0.853131, 0.0345994, 0.284557, 0.211074, -0.0592922, -0.580066, 0.485027, -0.116627, -0.0714563, 0.00824599, 0, 0, 0, 0, 0, 0, 0
0.516667, -0.186705, 0.852122, 0.0342231, 0.290567, 0.22469, -0.0335358, -0.581464, 0.506437, -0.131483, -0.0755595, 0.00871189, 0, 0, 0, 0, 0, 0, 0
0.525, -0.171701, 0.851334, 0.0335821, 0.295265, 0.240314, -0.00391193, -0.582669, 0.531955, -0.150697, -0.07999, 0.00897746, 0, 0, 0, 0, 0, 0, 0
0.533333, -0.156436, 0.850739, 0.0329402, 0.298188, 0.2582, 0.029288, -0.583907, 0.560624, -0.174058, -0.0850734, 0.00911348, 0, 0, 0, 0, 0, 0, 0
0.541667, -0.140967, 0.850314, 0.0324232, 0.298923, 0.278677, 0.0658835, -0.58524, 0.591379, -0.200597, -0.0909325, 0.00930611, 0, 0, 0, 0, 0, 0, 0
0.55, -0.125369, 0.850048, 0.0321008, 0.296979, 0.302159, 0.105918, -0.586915, 0.623464, -0.228033, -0.0974704, 0.00969942, 0, 0, 0, 0, 0, 0, 0
0.558333, -0.109778, 0.849929, 0.0321261, 0.291533, 0.329308, 0.14931, -0.5897, 0.656676, -0.2526, -0.104522, 0.0102956, 0, 0, 0, 0, 0, 0, 0
0.566667, -0.0943608, 0.849943, 0.0326722, 0.281641, 0.360885, 0.195812, -0.5947, 0.69142, -0.270219, -0.111885, 0.0110295, 0, 0, 0, 0, 0, 0, 0
0.575, -0.0792639, 0.850054, 0.0337828, 0.266633, 0.397437, 0.245056, -0.60281, 0.728206, -0.277527, -0.119216, 0.0118132, 0, 0, 0, 0, 0, 0, 0
0.583333, -0.0645387, 0.850209, 0.0351094, 0.246724, 0.438859, 0.296804, -0.614107, 0.767098, -0.271978, -0.125879, 0.0126012, 0, 0, 0, 0, 0, 0, 0
0.591667, -0.0501332, 0.85035, 0.035908, 0.223056, 0.484377, 0.350858, -0.627691, 0.807565, -0.252226, -0.130938, 0.0134253, 0, 0, 0, 0, 0, 0, 0
0.6, -0.0359776, 0.850434, 0.0353925, 0.197018, 0.533064, 0.406518, -0.641939, 0.848325, -0.218633, -0.13345, 0.0142696, 0, 0, 0, 0, 0, 0, 0
0.608333, -0.0219839, 0.850466, 0.0329253, 0.170042, 0.58374, 0.462738, -0.654704, 0.887433, -0.173447, -0.132759, 0.0150379, 0, 0, 0, 0, 0, 0, 0
0.616667, -0.00806584, 0.850507, 0.0282866, 0.143292, 0.634922, 0.518703, -0.663971, 0.922963, -0.120765, -0.128826, 0.015743, 0, 0, 0, 0, 0, 0, 0
0.625, 0.00578326, 0.850649, 0.021929, 0.117097, 0.685255, 0.573598, -0.668532, 0.953526, -0.0661595, -0.122369, 0.0163311, 0, 0, 0, 0, 0, 0, 0
0.633333, 0.0194962, 0.851003, 0.0148256, 0.090994, 0.733749, 0.625792, -0.668091, 0.978497, -0.0160159, -0.114676, 0.0166028, 0, 0, 0, 0, 0, 0, 0
0.641667, 0.0329591, 0.851652, 0.00824393, 0.0639128, 0.779962, 0.672916, -0.663252, 0.998083, 0.0237135, -0.107373, 0.0164519, 0, 0, 0, 0, 0, 0, 0
0.65, 0.0460294, 0.852622, 0.00344291, 0.0345281, 0.823996, 0.712416, -0.655228, 1.01277, 0.0492394, -0.101991, 0.0158586, 0, 0, 0, 0, 0, 0, 0
0.658333, 0.0586022, 0.853893, 0.00128285, 0.00190811, 0.866154, 0.741839, -0.645254, 1.02297, 0.0597488, -0.0995523, 0.0149413, 0, 0, 0, 0, 0, 0, 0
0.666667, 0.0706454, 0.855424, 0.00208203, -0.034252, 0.906735, 0.759393, -0.634143, 1.02904, 0.0564207, -0.100479, 0.013981, 0, 0, 0, 0, 0, 0, 0
0.675, 0.0822048, 0.857176, 0.00566584, -0.073609, 0.945751, 0.76439, -0.622142, 1.03119, 0.0413441, -0.104704, 0.0133368, 0, 0, 0, 0, 0, 0, 0
0.683333, 0.0933704, 0.859118, 0.011553, -0.115355, 0.982771, 0.757712, -0.609168, 1.02949, 0.0172725, -0.111806, 0.0132505, 0, 0, 0, 0, 0, 0, 0
0.691667, 0.104233, 0.861244, 0.0191157, -0.158495, 1.01703, 0.74205, -0.594961, 1.02388, -0.0126979, -0.12105, 0.0136896, 0, 0, 0, 0, 0, 0, 0
0.7, 0.114887, 0.863568, 0.0276305, -0.201954, 1.04762, 0.720635, -0.579169, 1.01441, -0.04561, -0.131498, 0.0144166, 0, 0, 0, 0, 0, 0, 0
0.708333, 0.125414, 0.866106, 0.036469, -0.244826, 1.07382, 0.696018, -0.561658, 1.00144, -0.0788788, -0.142327, 0.0151565, 0, 0, 0, 0, 0, 0, 0
0.716667, 0.135879, 0.868853, 0.0451391, -0.286427, 1.09523, 0.669821, -0.542522, 0.985484, -0.110338, -0.152911, 0.0157479, 0, 0, 0, 0, 0, 0, 0
0.725, 0.146342, 0.871781, 0.0531479, -0.326093, 1.11176, 0.642558, -0.521902, 0.967125, -0.138143, -0.162608, 0.0160851, 0, 0, 0, 0, 0, 0, 0
0.733333, 0.156862, 0.874839, 0.0600213, -0.363161, 1.12355, 0.613763, -0.499967, 0.947018, -0.160688, -0.170778, 0.0161059, 0, 0, 0, 0, 0, 0, 0
0.741667, 0.167482, 0.877961, 0.0654215, -0.39713, 1.13088, 0.582807, -0.476995, 0.925929, -0.176813, -0.176974, 0.0158863, 0, 0, 0, 0, 0, 0, 0
0.75, 0.178206, 0.881066, 0.0692967, -0.427851, 1.13401, 0.549505, -0.453488, 0.904657, -0.186057, -0.181121, 0.0155745, 0, 0, 0, 0, 0, 0, 0
0.758333, 0.189017, 0.884076, 0.0718158, -0.45546, 1.13316, 0.514174, -0.429953, 0.883751, -0.188842, -0.183404, 0.0152304, 0, 0, 0, 0, 0, 0, 0
0.766667, 0.199893, 0.886932, 0.0731985, -0.480178, 1.1285, 0.477577, -0.406672, 0.863485, -0.186193, -0.184042, 0.0148361, 0, 0, 0, 0, 0, 0, 0
0.775, 0.210818, 0.8896, 0.0736521, -0.502174, 1.12003, 0.44069, -0.383611, 0.843806, -0.179352, -0.183225, 0.0143218, 0, 0, 0, 0, 0, 0, 0
0.783333, 0.221784, 0.892066, 0.0733291, -0.521536, 1.1077, 0.404536, -0.360481, 0.824421, -0.169819, -0.181132, 0.0136527, 0, 0, 0, 0, 0, 0, 0
0.791667, 0.232802, 0.89432, 0.0722922, -0.53824, 1.09142, 0.370108, -0.336851, 0.805093, -0.159288, -0.177927, 0.0129041, 0, 0, 0, 0, 0, 0, 0
0.8, 0.243905, 0.896357, 0.0705113, -0.552091, 1.07109, 0.337807, -0.312235, 0.785615, -0.149197, -0.17366, 0.0120689, 0, 0, 0, 0, 0, 0, 0
0.808333, 0.255107, 0.898162, 0.0679178, -0.56294, 1.04671, 0.307656, -0.286337, 0.765929, -0.140444, -0.168243, 0.0110682, 0, 0, 0, 0, 0, 0, 0
0.816667, 0.266403, 0.899714, 0.0644518, -0.57074, 1.01828, 0.279928, -0.259068, 0.746134, -0.133544, -0.161579, 0.00994446, 0, 0, 0, 0, 0, 0, 0
0.825, 0.277803, 0.900991, 0.0600384, -0.575412, 0.985836, 0.255094, -0.230268, 0.726236, -0.129038, -0.153622, 0.00874464, 0, 0, 0, 0, 0, 0, 0
0.833333, 0.289332, 0.901969, 0.0546015, -0.576877, 0.949435, 0.233701, -0.199686, 0.706122, -0.127718, -0.144323, 0.0074213, 0, 0, 0, 0, 0, 0, 0
0.841667, 0.301006, 0.902627, 0.0480851, -0.575133, 0.909242, 0.216145, -0.167007, 0.685509, -0.130245, -0.133633, 0.00594365, 0, 0, 0, 0, 0, 0, 0
0.85, 0.312846, 0.902952, 0.0403735, -0.570169, 0.865573, 0.202657, -0.131802, 0.663977, -0.136947, -0.121459, 0.00437148, 0, 0, 0, 0, 0, 0, 0
0.858333, 0.324879, 0.902926, 0.0313138, -0.561925, 0.818844, 0.193175, -0.0936884, 0.641192, -0.147799, -0.107673, 0.00283578, 0, 0, 0, 0, 0, 0, 0
0.866667, 0.337123, 0.902534, 0.0208958, -0.550528, 0.769578, 0.186911, -0.0526066, 0.616949, -0.162028, -0.092307, 0.00141641, 0, 0, 0, 0, 0, 0, 0
0.875, 0.349546, 0.90177, 0.00941043, -0.536578, 0.718416, 0.182736, -0.0091545, 0.591369, -0.178162, -0.0757348, 0.000105247, 0, 0, 0, 0, 0, 0, 0
0.883333, 0.362071, 0.900645, -0.00255939, -0.521132, 0.666073, 0.179806, 0.0353406, 0.565076, -0.194378, -0.0586379, -0.00104904, 0, 0, 0, 0, 0, 0, 0
0.891667, 0.374604, 0.899184, -0.0142555, -0.50548, 0.613333, 0.177394, 0.0791379, 0.539028, -0.208731, -0.0419411, -0.0019458, 0, 0, 0, 0, 0, 0, 0
0.9, 0.387049, 0.897427, -0.0248164, -0.490977, 0.560989, 0.17488, 0.120285, 0.514446, -0.219515, -0.0266574, -0.00266031, 0, 0, 0, 0, 0, 0, 0
0.908333, 0.39933, 0.895424, -0.0335229, -0.478641, 0.509614, 0.171741, 0.15713, 0.49246, -0.225581, -0.0135852, -0.00335057, 0, 0, 0, 0, 0, 0, 0
0.916667, 0.411422, 0.893219, -0.0400706, -0.468807, 0.459422, 0.167606, 0.188824, 0.473843, -0.22659, -0.00309052, -0.00408312, 0, 0, 0, 0, 0, 0, 0
0.925, 0.423344, 0.890844, -0.0445491, -0.461182, 0.41033, 0.162448, 0.215232, 0.459153, -0.223002, 0.00491632, -0.00490332, 0, 0, 0, 0, 0, 0, 0
0.933333, 0.435134, 0.888321, -0.0471472, -0.455338, 0.362224, 0.156498, 0.236582, 0.448629, -0.215616, 0.0106464, -0.00592149, 0, 0, 0, 0, 0, 0, 0
0.941667, 0.446843, 0.885665, -0.048048, -0.450983, 0.31519, 0.150106, 0.253355, 0.442147, -0.205322, 0.0141834, -0.00707286, 0, 0, 0, 0, 0, 0, 0
0.95, 0.45851, 0.882896, -0.0475012, -0.447908, 0.269619, 0.143745, 0.266092, 0.439623, -0.193158, 0.0157179, -0.00810655, 0, 0, 0, 0, 0, 0, 0
0.958333, 0.470133, 0.880042, -0.0456672, -0.446062, 0.225986, 0.138119, 0.275081, 0.441176, -0.180288, 0.0154542, -0.00896457, 0, 0, 0, 0, 0, 0, 0
0.966667, 0.481718, 0.877149, -0.0426451, -0.445217, 0.184396, 0.133973, 0.280623, 0.446754, -0.167778, 0.0135056, -0.00974669, 0, 0, 0, 0, 0, 0, 0
0.975, 0.493289, 0.874265, -0.0385697, -0.445081, 0.145051, 0.131771, 0.283191, 0.456061, -0.156609, 0.0100745, -0.0104035, 0, 0, 0, 0, 0, 0, 0
0.983333, 0.504882, 0.87143, -0.0336497, -0.445405, 0.108512, 0.131609, 0.283452, 0.46861, -0.147751, 0.00539796, -0.0107659, 0, 0, 0, 0, 0, 0, 0
0.991667, 0.51658, 0.868693, -0.0284045, -0.446398, 0.077039, 0.132388, 0.282542, 0.483597, -0.14175, 1.65655e-06, -0.0108724, 0, 0, 0, 0, 0, 0, 0
1, 0.528457, 0.866093, -0.0233184, -0.447838, 0.0519615, 0.132983, 0.281447, 0.500236, -0.138655, -0.00554066, -0.0107913, 0, 0, 0, 0, 0, 0, 0
1.00833, 0.540584, 0.863662, -0.0187107, -0.449759, 0.0346608, 0.13205, 0.280882, 0.517725, -0.137925, -0.0108955, -0.0106223, 0, 0, 0, 0, 0, 0, 0
1.01667, 0.553031, 0.861426, -0.0148215, -0.451916, 0.0256107, 0.128627, 0.281243, 0.535548, -0.13862, -0.0158916, -0.0104968, 0, 0, 0, 0, 0, 0, 0
1.025, 0.565804, 0.859409, -0.0116392, -0.454428, 0.0250442, 0.122543, 0.282119, 0.554021, -0.139757, -0.0205381, -0.0103901, 0, 0, 0, 0, 0, 0, 0
1.03333, 0.57887, 0.857629, -0.00899541, -0.457007, 0.0315609, 0.11527, 0.282612, 0.573961, -0.140459, -0.0249959, -0.0104517, 0, 0, 0, 0, 0, 0, 0
1.04167, 0.592201, 0.856095, -0.00679037, -0.45923, 0.0432983, 0.108431, 0.281965, 0.596114, -0.140132, -0.0293381, -0.0110045, 0, 0, 0, 0, 0, 0, 0
1.05, 0.605737, 0.854798, -0.00469275, -0.460752, 0.0577492, 0.103699, 0.279206, 0.621339, -0.138954, -0.0338911, -0.01188, 0, 0, 0, 0, 0, 0, 0
1.05833, 0.619408, 0.853748, -0.00232921, -0.46236, 0.0745111, 0.101505, 0.27352, 0.650229, -0.137682, -0.0390992, -0.0128681, 0, 0, 0, 0, 0, 0, 0
1.06667, 0.633131, 0.852946, 0.000634048, -0.464786, 0.0933104, 0.101909, 0.264255, 0.683278, -0.137693, -0.0452832, -0.0139357, 0, 0, 0, 0, 0, 0, 0
1.075, 0.646819, 0.852391, 0.00445212, -0.468793, 0.114275, 0.104537, 0.250868, 0.720952, -0.140724, -0.0525786, -0.0148044, 0, 0, 0, 0, 0, 0, 0
1.08333, 0.660422, 0.852097, 0.00906432, -0.474873, 0.137834, 0.108708, 0.23332, 0.763306, -0.148438, -0.0607959, -0.0153516, 0, 0, 0, 0, 0, 0, 0
1.09167, 0.673912, 0.852054, 0.0142552, -0.483392, 0.164527, 0.113831, 0.211749, 0.810401, -0.162376, -0.069519, -0.0155628, 0, 0, 0, 0, 0, 0, 0
1.1, 0.68723, 0.852207, 0.0198887, -0.494898, 0.195004, 0.119961, 0.186078, 0.862553, -0.183691, -0.0783766, -0.0151144, 0, 0, 0, 0, 0, 0, 0
1.10833, 0.700338, 0.852481, 0.0256744, -0.509465, 0.229511, 0.127513, 0.156426, 0.919792, -0.212169, -0.0868757, -0.0139273, 0, 0, 0, 0, 0, 0, 0
1.11667, 0.713257, 0.852791, 0.0310396, -0.526279, 0.267538, 0.136579, 0.123542, 0.98145, -0.246906, -0.0942659, -0.0120684, 0, 0, 0, 0, 0, 0, 0
1.125, 0.726071, 0.853057, 0.035186, -0.543743, 0.307977, 0.14684, 0.0890299, 1.04591, -0.286874, -0.0996243, -0.00949082, 0, 0, 0, 0, 0, 0, 0
1.13333, 0.738887, 0.853229, 0.0374297, -0.559844, 0.349177, 0.157502, 0.0546748, 1.11102, -0.330124, -0.102247, -0.00654661, 0, 0, 0, 0, 0, 0, 0
1.14167, 0.751787, 0.853313, 0.0375121, -0.572778, 0.389331, 0.167231, 0.0217916, 1.17468, -0.374522, -0.101997, -0.00360767, 0, 0, 0, 0, 0, 0, 0
1.15, 0.764808, 0.853387, 0.0355784, -0.58132, 0.426857, 0.174787, -0.0088012, 1.23488, -0.418272, -0.0992461, -0.000767969, 0, 0, 0, 0, 0, 0, 0
1.15833, 0.777914, 0.853566, 0.0322463, -0.585238, 0.46068, 0.179307, -0.0371535, 1.29024, -0.459349, -0.0947945, 0.00158504, 0, 0, 0, 0, 0, 0, 0
1.16667, 0.79097, 0.853928, 0.0285782, -0.585345, 0.490237, 0.180279, -0.0642376, 1.3403, -0.495644, -0.0898273, 0.00312549, 0, 0, 0, 0, 0, 0, 0
1.175, 0.803814, 0.854519, 0.0257878, -0.58282, 0.515037, 0.177711, -0.0915693, 1.38529, -0.525065, -0.0856879, 0.00393249, 0, 0, 0, 0, 0, 0, 0
1.18333, 0.816296, 0.855361, 0.0248918, -0.578705, 0.534623, 0.171908, -0.120714, 1.42586, -0.546461, -0.0834907, 0.00415106, 0, 0, 0, 0, 0, 0, 0
1.19167, 0.828333, 0.856441, 0.0264069, -0.573661, 0.548871, 0.163088, -0.152404, 1.46257, -0.56111, -0.0838108, 0.00398881, 0, 0, 0, 0, 0, 0, 0
1.2, 0.839931, 0.857735, 0.0302569, -0.567752, 0.557876, 0.151414, -0.186367, 1.49554, -0.571358, -0.0865768, 0.00361402, 0, 0, 0, 0, 0, 0, 0
1.20833, 0.851157, 0.859229, 0.0359399, -0.560527, 0.561682, 0.137224, -0.221713, 1.52461, -0.579915, -0.0912353, 0.00312559, 0, 0, 0, 0, 0, 0, 0
1.21667, 0.862127, 0.860929, 0.0427419, -0.551289, 0.560307, 0.121329, -0.257255, 1.54951, -0.589565, -0.0970463, 0.00264453, 0, 0, 0, 0, 0, 0, 0
1.225, 0.872966, 0.862849, 0.0498988, -0.539553, 0.554152, 0.105005, -0.291945, 1.57005, -0.601397, -0.103215, 0.0022219, 0, 0, 0, 0, 0, 0, 0
